{
  "files": {
    "default": "default.hbs",
    "error": "error.hbs",
    "index": "index.hbs",
    "page": "page.hbs",
    "post": "post.hbs",
    "tag": "tag.hbs",
    "aside": "partials/aside.hbs",
    "comments": "partials/comments.hbs",
    "footer": "partials/footer.hbs",
    "meta": "partials/meta.hbs",
    "navigation": "partials/navigation.hbs",
    "pagination": "partials/pagination.hbs",
    "post-author": "partials/post-author.hbs",
    "search": "partials/search.hbs",
    "social": "partials/social.hbs"
  },
  "version":"1.0.0"
}
