{
  "files": {
    "byline-multiple": "partials/byline-multiple.hbs",
    "byline-single": "partials/byline-single.hbs",
    "floating-header": "partials/floating-header.hbs",
    "post-card": "partials/post-card.hbs",
    "site-nav": "partials/site-nav.hbs",
    "icons/avatar": "partials/icons/avatar.hbs",
    "icons/facebook": "partials/icons/facebook.hbs",
    "icons/ghost-logo": "partials/icons/ghost-logo.hbs",
    "icons/infinity": "partials/icons/infinity.hbs",
    "icons/location": "partials/icons/location.hbs",
    "icons/point": "partials/icons/point.hbs",
    "icons/rss": "partials/icons/rss.hbs",
    "icons/twitter": "partials/icons/twitter.hbs",
    "icons/github": "partials/icons/github.hbs",
    "icons/paypalme": "partials/icons/paypalme.hbs",
    "icons/opencollective": "partials/icons/opencollective.hbs",
    "icons/website": "partials/icons/website.hbs",
    "author": "author.hbs",
    "default": "default.hbs",
    "home": "home.hbs",
    "index": "index.hbs",
    "page": "page.hbs",
    "post": "post.hbs",
    "tag": "tag.hbs"
  },
  "version":"1.0.0"
}
